Timestamp,Object,Confidence
2026-01-06 12:18:29,person,0.8299897909164429
2026-01-06 12:18:29,person,0.8842658400535583
2026-01-06 12:18:29,scissors,0.2603590488433838
2026-01-06 12:18:29,person,0.8632791638374329
2026-01-06 12:18:29,scissors,0.4728076457977295
2026-01-06 12:18:29,person,0.8254346251487732
2026-01-06 12:18:29,scissors,0.416255384683609
2026-01-06 12:18:29,airplane,0.3402842879295349
2026-01-06 12:18:29,person,0.6751415133476257
2026-01-06 12:18:29,scissors,0.495922714471817
2026-01-06 12:18:29,airplane,0.2946963310241699
2026-01-06 12:18:29,person,0.7626293897628784
2026-01-06 12:18:29,scissors,0.5714918971061707
2026-01-06 12:18:29,cell phone,0.2552984952926636
2026-01-06 12:18:30,person,0.8586893081665039
2026-01-06 12:18:30,scissors,0.4783534109592438
2026-01-06 12:18:30,person,0.8901527523994446
2026-01-06 12:18:30,scissors,0.447085976600647
2026-01-06 12:18:30,person,0.8861027359962463
2026-01-06 12:18:30,scissors,0.5460667014122009
2026-01-06 12:18:30,cell phone,0.25330573320388794
2026-01-06 12:18:30,person,0.8803231120109558
2026-01-06 12:18:30,scissors,0.365559458732605
2026-01-06 12:18:30,person,0.8959664702415466
2026-01-06 12:18:30,scissors,0.3403782248497009
2026-01-06 12:18:30,person,0.8984041810035706
2026-01-06 12:18:30,scissors,0.44741687178611755
2026-01-06 12:18:30,person,0.9021761417388916
2026-01-06 12:18:30,scissors,0.43732887506484985
2026-01-06 12:18:31,person,0.8550716042518616
2026-01-06 12:18:31,scissors,0.3230706453323364
2026-01-06 12:18:31,person,0.8379718661308289
2026-01-06 12:18:31,scissors,0.35161468386650085
2026-01-06 12:18:31,scissors,0.6037442684173584
2026-01-06 12:18:31,dog,0.40366867184638977
2026-01-06 12:18:31,person,0.34464719891548157
2026-01-06 12:18:31,cat,0.2601408064365387
2026-01-06 12:18:31,person,0.4438460171222687
2026-01-06 12:18:31,dog,0.3627278506755829
2026-01-06 12:18:31,scissors,0.35046058893203735
2026-01-06 12:18:31,person,0.6964224576950073
2026-01-06 12:18:31,scissors,0.4787369966506958
2026-01-06 12:18:31,person,0.5825574398040771
2026-01-06 12:18:31,dog,0.2958151400089264
2026-01-06 12:18:31,scissors,0.2925576865673065
2026-01-06 12:18:31,clock,0.25553712248802185
2026-01-06 12:18:32,person,0.42564693093299866
2026-01-06 12:18:32,scissors,0.4031311869621277
2026-01-06 12:18:32,scissors,0.49753138422966003
2026-01-06 12:18:32,dog,0.4110759496688843
2026-01-06 12:18:32,person,0.3299122750759125
2026-01-06 12:18:32,person,0.8360939025878906
2026-01-06 12:18:32,scissors,0.2797375023365021
2026-01-06 12:18:32,person,0.8792325854301453
2026-01-06 12:18:32,person,0.5729085206985474
2026-01-06 12:18:32,scissors,0.28389111161231995
2026-01-06 12:18:32,dog,0.2829187512397766
2026-01-06 12:18:32,person,0.9235942959785461
2026-01-06 12:18:32,scissors,0.2529003322124481
2026-01-06 12:18:32,person,0.901554524898529
2026-01-06 12:18:33,person,0.9156148433685303
2026-01-06 12:18:33,person,0.8608047962188721
2026-01-06 12:18:33,scissors,0.319794625043869
2026-01-06 12:18:33,person,0.8713846206665039
2026-01-06 12:18:33,scissors,0.3398706614971161
2026-01-06 12:18:33,person,0.8277419805526733
2026-01-06 12:18:33,person,0.8915054202079773
2026-01-06 12:18:33,person,0.8613593578338623
2026-01-06 12:18:33,person,0.8691996932029724
2026-01-06 12:18:34,person,0.8713083267211914
2026-01-06 12:18:34,person,0.8454002141952515
2026-01-06 12:18:34,person,0.2711845338344574
2026-01-06 12:18:34,person,0.8830258846282959
2026-01-06 12:18:34,person,0.8871157169342041
2026-01-06 12:18:34,person,0.8913657069206238
2026-01-06 12:18:34,airplane,0.377858966588974
2026-01-06 12:18:34,person,0.8703644275665283
2026-01-06 12:18:34,airplane,0.2652503550052643
2026-01-06 12:18:34,person,0.8650152087211609
2026-01-06 12:18:35,person,0.8817510008811951
2026-01-06 12:18:35,person,0.8960353136062622
2026-01-06 12:18:35,person,0.7552348971366882
2026-01-06 12:18:35,person,0.6418324708938599
2026-01-06 12:18:35,person,0.6984639167785645
2026-01-06 12:18:35,person,0.7853307723999023
2026-01-06 12:18:35,person,0.8636096715927124
2026-01-06 12:18:36,person,0.8784903883934021
2026-01-06 12:18:36,scissors,0.25928759574890137
2026-01-06 12:18:36,person,0.902368426322937
2026-01-06 12:18:36,person,0.8984814882278442
2026-01-06 12:18:36,scissors,0.2507829964160919
2026-01-06 12:18:36,person,0.7194161415100098
2026-01-06 12:18:36,scissors,0.2939807176589966
2026-01-06 12:18:36,person,0.6629682183265686
2026-01-06 12:18:36,cat,0.2818964421749115
2026-01-06 12:18:36,person,0.6198710799217224
2026-01-06 12:18:37,horse,0.2869919538497925
2026-01-06 12:18:37,cat,0.5101843476295471
2026-01-06 12:18:37,cat,0.3789040744304657
2026-01-06 12:18:37,person,0.5961531400680542
2026-01-06 12:18:37,person,0.2940968871116638
2026-01-06 12:18:37,person,0.6358647346496582
2026-01-06 12:18:37,refrigerator,0.3842025697231293
2026-01-06 12:18:38,person,0.5884456634521484
2026-01-06 12:18:38,refrigerator,0.5032271146774292
2026-01-06 12:18:38,person,0.7426561117172241
2026-01-06 12:18:38,refrigerator,0.630668580532074
2026-01-06 12:18:38,chair,0.626644492149353
2026-01-06 12:18:38,chair,0.37854087352752686
2026-01-06 12:18:38,chair,0.7526034116744995
2026-01-06 12:18:38,person,0.6366969347000122
2026-01-06 12:18:38,refrigerator,0.5205626487731934
2026-01-06 12:18:38,chair,0.3713380694389343
2026-01-06 12:18:38,dog,0.34684592485427856
2026-01-06 12:18:38,person,0.8089756369590759
2026-01-06 12:18:38,chair,0.6729983687400818
2026-01-06 12:18:38,chair,0.28733840584754944
2026-01-06 12:18:38,refrigerator,0.26433560252189636
2026-01-06 12:18:38,person,0.9010711908340454
2026-01-06 12:18:38,chair,0.7763188481330872
2026-01-06 12:18:38,chair,0.39131540060043335
2026-01-06 12:18:38,refrigerator,0.3182346522808075
2026-01-06 12:18:38,person,0.9198798537254333
2026-01-06 12:18:38,chair,0.7380994558334351
2026-01-06 12:18:38,chair,0.3933611512184143
2026-01-06 12:18:38,refrigerator,0.36862921714782715
2026-01-06 12:18:38,person,0.9368757009506226
2026-01-06 12:18:38,chair,0.7222135663032532
2026-01-06 12:18:38,refrigerator,0.3953576385974884
2026-01-06 12:18:38,chair,0.2940342426300049
2026-01-06 12:18:38,chair,0.2684602439403534
2026-01-06 12:18:39,person,0.9382948875427246
2026-01-06 12:18:39,chair,0.7600250840187073
2026-01-06 12:18:39,chair,0.5122530460357666
2026-01-06 12:18:39,dining table,0.45747801661491394
2026-01-06 12:18:39,refrigerator,0.35118067264556885
2026-01-06 12:18:39,person,0.928198516368866
2026-01-06 12:18:39,chair,0.590318500995636
2026-01-06 12:18:39,chair,0.37946781516075134
2026-01-06 12:18:39,chair,0.33322522044181824
2026-01-06 12:18:39,dining table,0.2890387773513794
2026-01-06 12:18:39,person,0.9392073154449463
2026-01-06 12:18:39,chair,0.7713178992271423
2026-01-06 12:18:39,refrigerator,0.4071026146411896
2026-01-06 12:18:39,chair,0.3048975169658661
2026-01-06 12:18:39,bowl,0.25551486015319824
2026-01-06 12:18:39,person,0.9348031282424927
2026-01-06 12:18:39,chair,0.6101087927818298
2026-01-06 12:18:39,refrigerator,0.5373318195343018
2026-01-06 12:18:39,chair,0.407471239566803
2026-01-06 12:18:39,refrigerator,0.2973576784133911
2026-01-06 12:18:39,person,0.9354208111763
2026-01-06 12:18:39,chair,0.5828336477279663
2026-01-06 12:18:39,refrigerator,0.5372678637504578
2026-01-06 12:18:39,chair,0.5230651497840881
2026-01-06 12:18:39,person,0.9480786919593811
2026-01-06 12:18:39,chair,0.7141343951225281
2026-01-06 12:18:39,refrigerator,0.42946723103523254
2026-01-06 12:18:39,chair,0.34099915623664856
2026-01-06 12:18:39,person,0.9424811601638794
2026-01-06 12:18:39,chair,0.7007690072059631
2026-01-06 12:18:39,refrigerator,0.554334282875061
2026-01-06 12:18:39,chair,0.47193288803100586
2026-01-06 12:18:40,person,0.9395052790641785
2026-01-06 12:18:40,chair,0.7390957474708557
2026-01-06 12:18:40,refrigerator,0.5467674136161804
2026-01-06 12:18:40,chair,0.38809341192245483
2026-01-06 12:18:40,person,0.948801577091217
2026-01-06 12:18:40,refrigerator,0.7365021705627441
2026-01-06 12:18:40,chair,0.5899419188499451
2026-01-06 12:18:40,chair,0.33022257685661316
2026-01-06 12:18:40,person,0.9276186227798462
2026-01-06 12:18:40,refrigerator,0.6943061947822571
2026-01-06 12:18:40,chair,0.6763207912445068
2026-01-06 12:18:40,chair,0.4925245940685272
2026-01-06 12:18:40,chair,0.3752828538417816
2026-01-06 12:18:40,person,0.9309337735176086
2026-01-06 12:18:40,chair,0.5802874565124512
2026-01-06 12:18:40,refrigerator,0.3684459626674652
2026-01-06 12:18:40,chair,0.28707894682884216
2026-01-06 12:18:40,person,0.9192089438438416
2026-01-06 12:18:40,chair,0.7761521935462952
2026-01-06 12:18:40,refrigerator,0.47849616408348083
2026-01-06 12:18:40,chair,0.45607373118400574
2026-01-06 12:18:40,person,0.9469888210296631
2026-01-06 12:18:40,chair,0.7603492736816406
2026-01-06 12:18:40,chair,0.39724716544151306
2026-01-06 12:18:40,refrigerator,0.3194448947906494
2026-01-06 12:18:40,cup,0.27700725197792053
2026-01-06 12:18:41,person,0.9321026802062988
2026-01-06 12:18:41,chair,0.7718520164489746
2026-01-06 12:18:41,refrigerator,0.5491907000541687
2026-01-06 12:18:41,chair,0.38143011927604675
2026-01-06 12:18:41,bowl,0.2529391646385193
2026-01-06 12:18:41,person,0.9351394772529602
2026-01-06 12:18:41,chair,0.7777458429336548
2026-01-06 12:18:41,refrigerator,0.6984775066375732
2026-01-06 12:18:41,chair,0.30861523747444153
2026-01-06 12:18:41,person,0.9388374090194702
2026-01-06 12:18:41,chair,0.8231683373451233
2026-01-06 12:18:41,refrigerator,0.5391672849655151
2026-01-06 12:18:41,chair,0.425126314163208
2026-01-06 12:18:41,person,0.915791392326355
2026-01-06 12:18:41,chair,0.8096574544906616
2026-01-06 12:18:41,dining table,0.3159094750881195
2026-01-06 12:18:41,refrigerator,0.29974469542503357
2026-01-06 12:18:41,person,0.774353563785553
2026-01-06 12:18:41,refrigerator,0.665995717048645
2026-01-06 12:18:41,chair,0.5242825746536255
2026-01-06 12:18:41,person,0.9322652220726013
2026-01-06 12:18:41,chair,0.8007240891456604
2026-01-06 12:18:41,refrigerator,0.39803385734558105
2026-01-06 12:18:41,chair,0.3809516429901123
2026-01-06 12:18:41,dining table,0.28365612030029297
2026-01-06 12:18:41,chair,0.258916974067688
2026-01-06 12:18:41,person,0.9321218132972717
2026-01-06 12:18:41,chair,0.6643874049186707
2026-01-06 12:18:41,chair,0.4886418282985687
2026-01-06 12:18:41,refrigerator,0.42470884323120117
2026-01-06 12:18:41,chair,0.256025105714798
2026-01-06 12:18:42,person,0.9295284748077393
2026-01-06 12:18:42,chair,0.5378651022911072
2026-01-06 12:18:42,refrigerator,0.39923980832099915
2026-01-06 12:18:42,refrigerator,0.39415326714515686
2026-01-06 12:18:42,person,0.899301290512085
2026-01-06 12:18:42,chair,0.7276982665061951
2026-01-06 12:18:42,chair,0.3172924816608429
2026-01-06 12:18:42,refrigerator,0.26691746711730957
2026-01-06 12:18:42,person,0.929413378238678
2026-01-06 12:18:42,chair,0.7264634966850281
2026-01-06 12:18:42,refrigerator,0.35837921500205994
2026-01-06 12:18:42,chair,0.34489312767982483
2026-01-06 12:18:42,refrigerator,0.2801055312156677
2026-01-06 12:18:42,person,0.8950680494308472
2026-01-06 12:18:42,chair,0.6951011419296265
2026-01-06 12:18:42,chair,0.3010399341583252
2026-01-06 12:18:42,person,0.8906776905059814
2026-01-06 12:18:42,chair,0.8494469523429871
2026-01-06 12:18:42,chair,0.31004902720451355
2026-01-06 12:18:42,refrigerator,0.30889493227005005
2026-01-06 12:18:43,person,0.9039109349250793
2026-01-06 12:18:43,chair,0.8723742961883545
2026-01-06 12:18:43,refrigerator,0.4782147705554962
2026-01-06 12:18:43,person,0.9235031008720398
2026-01-06 12:18:43,chair,0.528471827507019
2026-01-06 12:18:43,chair,0.40610945224761963
2026-01-06 12:18:43,refrigerator,0.3378949463367462
2026-01-06 12:18:43,person,0.908149003982544
2026-01-06 12:18:43,chair,0.7291642427444458
2026-01-06 12:18:43,refrigerator,0.43220847845077515
2026-01-06 12:18:43,chair,0.36922767758369446
2026-01-06 12:18:43,person,0.9272170662879944
2026-01-06 12:18:43,chair,0.825812816619873
2026-01-06 12:18:43,refrigerator,0.3388802409172058
2026-01-06 12:18:43,person,0.9250742197036743
2026-01-06 12:18:43,chair,0.8282939195632935
2026-01-06 12:18:43,dining table,0.43734076619148254
2026-01-06 12:18:43,chair,0.3618522584438324
2026-01-06 12:18:43,chair,0.29484856128692627
2026-01-06 12:18:43,chair,0.2649431824684143
2026-01-06 12:18:43,person,0.9197400808334351
2026-01-06 12:18:43,chair,0.8718430399894714
2026-01-06 12:18:43,refrigerator,0.4823266565799713
2026-01-06 12:18:43,chair,0.46603527665138245
2026-01-06 12:18:44,person,0.9343651533126831
2026-01-06 12:18:44,chair,0.7533091306686401
2026-01-06 12:18:44,chair,0.46778595447540283
2026-01-06 12:18:44,refrigerator,0.3721148669719696
2026-01-06 12:18:44,person,0.9250378012657166
2026-01-06 12:18:44,chair,0.8789524435997009
2026-01-06 12:18:44,refrigerator,0.4924573302268982
2026-01-06 12:18:44,chair,0.4499899744987488
2026-01-06 12:18:44,dining table,0.3392992913722992
2026-01-06 12:18:44,person,0.9231041073799133
2026-01-06 12:18:44,chair,0.7997717261314392
2026-01-06 12:18:44,dining table,0.3839679956436157
2026-01-06 12:18:44,refrigerator,0.35260701179504395
2026-01-06 12:18:44,chair,0.32686272263526917
2026-01-06 12:18:44,person,0.9077982902526855
2026-01-06 12:18:44,chair,0.8406673669815063
2026-01-06 12:18:44,chair,0.5142349004745483
2026-01-06 12:18:44,refrigerator,0.2645401954650879
2026-01-06 12:18:44,person,0.9251657128334045
2026-01-06 12:18:44,chair,0.5976493954658508
2026-01-06 12:18:44,dining table,0.28009533882141113
2026-01-06 12:18:44,chair,0.25246331095695496
2026-01-06 12:18:45,person,0.7914194464683533
2026-01-06 12:18:45,person,0.49557968974113464
2026-01-06 12:18:45,person,0.8850719928741455
2026-01-06 12:18:45,chair,0.5409204959869385
2026-01-06 12:18:45,chair,0.5286721587181091
2026-01-06 12:18:45,refrigerator,0.35582002997398376
2026-01-06 12:18:45,person,0.3802121877670288
2026-01-06 12:18:45,cat,0.3006119728088379
2026-01-06 12:18:45,person,0.6083217859268188
2026-01-06 12:18:46,person,0.48614707589149475
2026-01-06 12:18:46,cat,0.2688370943069458
2026-01-06 12:18:46,person,0.6454480886459351
2026-01-06 12:18:46,person,0.3687596619129181
2026-01-06 12:18:46,person,0.44398874044418335
2026-01-06 12:18:46,cat,0.3651846945285797
2026-01-06 12:18:46,refrigerator,0.35744208097457886
2026-01-06 12:18:46,dog,0.2721345126628876
2026-01-06 12:18:46,person,0.6546788215637207
2026-01-06 12:18:46,person,0.8191936016082764
2026-01-06 12:18:46,refrigerator,0.4382147490978241
2026-01-06 12:18:47,person,0.9087681770324707
2026-01-06 12:18:47,person,0.8278763890266418
2026-01-06 12:18:47,person,0.5210787653923035
2026-01-06 12:18:47,dog,0.36890655755996704
2026-01-06 12:18:47,refrigerator,0.5111997127532959
2026-01-06 12:18:47,cat,0.4464663863182068
2026-01-06 12:18:47,refrigerator,0.3728789985179901
2026-01-06 12:18:47,person,0.27964991331100464
2026-01-06 12:18:47,person,0.6747086048126221
2026-01-06 12:18:47,person,0.3445991277694702
2026-01-06 12:18:47,person,0.4836202561855316
2026-01-06 12:18:48,person,0.8444072604179382
2026-01-06 12:18:48,person,0.850945770740509
2026-01-06 12:18:48,refrigerator,0.36947205662727356
2026-01-06 12:18:48,refrigerator,0.26613694429397583
2026-01-06 12:18:48,person,0.8952058553695679
2026-01-06 12:18:48,refrigerator,0.3652387857437134
2026-01-06 12:18:48,chair,0.34632375836372375
2026-01-06 12:18:48,cup,0.2690763771533966
2026-01-06 12:18:48,person,0.7456651926040649
2026-01-06 12:18:48,refrigerator,0.3513065278530121
2026-01-06 12:18:48,person,0.31876856088638306
2026-01-06 12:18:48,refrigerator,0.4456784427165985
2026-01-06 12:18:48,person,0.4234973192214966
2026-01-06 12:18:48,person,0.6607809066772461
2026-01-06 12:18:48,refrigerator,0.41974756121635437
2026-01-06 12:18:48,refrigerator,0.414936363697052
2026-01-06 12:18:49,person,0.44288453459739685
2026-01-06 12:18:49,bowl,0.3198709189891815
2026-01-06 12:18:49,cup,0.4264094829559326
2026-01-06 12:18:49,person,0.34327954053878784
2026-01-06 12:18:49,refrigerator,0.30405300855636597
2026-01-06 12:18:49,person,0.2752709984779358
2026-01-06 12:18:49,person,0.6512133479118347
2026-01-06 12:18:49,bowl,0.5133850574493408
2026-01-06 12:18:49,oven,0.25527423620224
2026-01-06 12:18:49,cup,0.25430765748023987
2026-01-06 12:18:49,person,0.4584157168865204
2026-01-06 12:18:49,bowl,0.4448241591453552
2026-01-06 12:18:49,person,0.41329675912857056
2026-01-06 12:18:49,person,0.3505585491657257
2026-01-06 12:18:49,cup,0.269840806722641
2026-01-06 12:18:49,person,0.6479665040969849
2026-01-06 12:18:49,refrigerator,0.3568297028541565
2026-01-06 12:18:49,bowl,0.2681998908519745
2026-01-06 12:18:49,person,0.6681801080703735
2026-01-06 12:18:49,bowl,0.4226146340370178
2026-01-06 12:18:49,cell phone,0.3078395128250122
2026-01-06 12:18:49,cell phone,0.27661970257759094
2026-01-06 12:18:50,person,0.7749488353729248
2026-01-06 12:18:50,bowl,0.3845726549625397
2026-01-06 12:18:50,person,0.345973402261734
2026-01-06 12:18:50,chair,0.30574026703834534
2026-01-06 12:18:50,cell phone,0.29308292269706726
2026-01-06 12:18:50,cell phone,0.2658858299255371
2026-01-06 12:18:50,person,0.6320227384567261
2026-01-06 12:18:50,person,0.49061983823776245
2026-01-06 12:18:50,cell phone,0.48606398701667786
2026-01-06 12:18:50,person,0.6397448182106018
2026-01-06 12:18:50,spoon,0.4346621036529541
2026-01-06 12:18:50,cell phone,0.42648079991340637
2026-01-06 12:18:50,bowl,0.36196181178092957
2026-01-06 12:18:50,cell phone,0.327288419008255
2026-01-06 12:18:50,cell phone,0.6866803169250488
2026-01-06 12:18:50,person,0.5938000679016113
2026-01-06 12:18:50,bowl,0.3688351511955261
2026-01-06 12:18:50,person,0.3323715925216675
2026-01-06 12:18:50,chair,0.28372013568878174
2026-01-06 12:18:50,person,0.2605898976325989
2026-01-06 12:18:50,person,0.5225285887718201
2026-01-06 12:18:50,person,0.4453146755695343
2026-01-06 12:18:50,person,0.31091079115867615
2026-01-06 12:18:50,cup,0.29888495802879333
2026-01-06 12:18:50,cup,0.26653581857681274
2026-01-06 12:18:50,cell phone,0.5123453736305237
2026-01-06 12:18:50,person,0.5043520331382751
2026-01-06 12:18:50,person,0.36236801743507385
2026-01-06 12:18:50,person,0.34771212935447693
2026-01-06 12:18:50,bowl,0.34245383739471436
2026-01-06 12:18:50,vase,0.27898073196411133
2026-01-06 12:18:51,person,0.5368292927742004
2026-01-06 12:18:51,bowl,0.48260337114334106
2026-01-06 12:18:51,person,0.4144686758518219
2026-01-06 12:18:51,spoon,0.30983904004096985
2026-01-06 12:18:51,cell phone,0.2820635139942169
2026-01-06 12:18:51,chair,0.27213892340660095
2026-01-06 12:18:51,person,0.5193996429443359
2026-01-06 12:18:51,person,0.3218471109867096
2026-01-06 12:18:51,cell phone,0.30975914001464844
2026-01-06 12:18:51,person,0.296112060546875
2026-01-06 12:18:51,bowl,0.2920711040496826
2026-01-06 12:18:51,cell phone,0.5361966490745544
2026-01-06 12:18:51,person,0.5171493291854858
2026-01-06 12:18:51,person,0.33587193489074707
2026-01-06 12:18:51,chair,0.2957836091518402
2026-01-06 12:18:51,person,0.2729957699775696
2026-01-06 12:18:51,person,0.6272249221801758
2026-01-06 12:18:51,person,0.36873599886894226
2026-01-06 12:18:51,cell phone,0.33742663264274597
2026-01-06 12:18:51,cup,0.31999847292900085
2026-01-06 12:18:51,bowl,0.3044759929180145
2026-01-06 12:18:51,chair,0.2597772479057312
2026-01-06 12:18:51,person,0.40334293246269226
2026-01-06 12:18:51,bowl,0.3984752893447876
2026-01-06 12:18:51,person,0.3321511447429657
2026-01-06 12:18:51,person,0.28122010827064514
2026-01-06 12:18:51,refrigerator,0.426105260848999
2026-01-06 12:18:51,person,0.3298690617084503
2026-01-06 12:18:51,bowl,0.2990332543849945
2026-01-06 12:18:52,person,0.42742660641670227
2026-01-06 12:18:52,chair,0.2812378406524658
2026-01-06 12:18:52,bowl,0.2647433578968048
2026-01-06 12:18:52,cup,0.2792627215385437
2026-01-06 12:18:52,bowl,0.27072110772132874
2026-01-06 12:18:52,person,0.8306059837341309
2026-01-06 12:18:52,cell phone,0.26697003841400146
2026-01-06 12:18:52,bowl,0.26454487442970276
2026-01-06 12:18:52,cup,0.2625283896923065
2026-01-06 12:18:52,person,0.8215141892433167
2026-01-06 12:18:52,chair,0.38829246163368225
2026-01-06 12:18:52,cell phone,0.3016100525856018
2026-01-06 12:18:52,cup,0.29836320877075195
2026-01-06 12:18:52,cup,0.2611270546913147
2026-01-06 12:18:52,person,0.6844608187675476
2026-01-06 12:18:52,cell phone,0.5077444314956665
2026-01-06 12:18:52,chair,0.31783586740493774
2026-01-06 12:18:52,bowl,0.2545493245124817
2026-01-06 12:18:53,person,0.821255087852478
2026-01-06 12:18:53,cell phone,0.5809546113014221
2026-01-06 12:18:53,chair,0.33387312293052673
2026-01-06 12:18:53,cup,0.25035595893859863
2026-01-06 12:18:53,person,0.7575214505195618
2026-01-06 12:18:53,cell phone,0.5218807458877563
2026-01-06 12:18:53,chair,0.35496553778648376
2026-01-06 12:18:53,refrigerator,0.27368655800819397
2026-01-06 12:18:53,person,0.7353866100311279
2026-01-06 12:18:53,cell phone,0.4058224856853485
2026-01-06 12:18:53,chair,0.28603747487068176
2026-01-06 12:18:53,bowl,0.28152263164520264
2026-01-06 12:18:53,cell phone,0.25845006108283997
2026-01-06 12:18:53,person,0.8256841897964478
2026-01-06 12:18:53,cell phone,0.5989867448806763
2026-01-06 12:18:53,bowl,0.2911953032016754
2026-01-06 12:18:53,bowl,0.32254233956336975
2026-01-06 12:18:53,person,0.3207434117794037
2026-01-06 12:18:53,person,0.28658002614974976
2026-01-06 12:18:54,person,0.47369062900543213
2026-01-06 12:18:54,cell phone,0.3867805302143097
2026-01-06 12:18:54,person,0.546912670135498
2026-01-06 12:18:54,cell phone,0.5000519752502441
2026-01-06 12:18:54,person,0.6085453033447266
2026-01-06 12:18:54,cell phone,0.3883591890335083
2026-01-06 12:18:54,chair,0.3780447244644165
2026-01-06 12:18:54,cup,0.3493606448173523
2026-01-06 12:18:54,cell phone,0.2638463079929352
2026-01-06 12:18:54,bowl,0.25180500745773315
2026-01-06 12:18:54,person,0.6295954585075378
2026-01-06 12:18:54,cell phone,0.43097975850105286
2026-01-06 12:18:54,cell phone,0.4193158447742462
2026-01-06 12:18:54,chair,0.37163516879081726
2026-01-06 12:18:54,bowl,0.2527494430541992
2026-01-06 12:18:54,cell phone,0.5033385753631592
2026-01-06 12:18:54,person,0.38041141629219055
2026-01-06 12:18:54,person,0.28900641202926636
2026-01-06 12:18:55,refrigerator,0.46083924174308777
2026-01-06 12:18:55,person,0.3726585805416107
2026-01-06 12:18:55,refrigerator,0.2680329382419586
2026-01-06 12:18:55,person,0.2596895694732666
2026-01-06 12:18:55,cell phone,0.6913596391677856
2026-01-06 12:18:55,person,0.322462260723114
2026-01-06 12:18:55,cup,0.2534429132938385
2026-01-06 12:18:55,person,0.6983292698860168
2026-01-06 12:18:55,apple,0.2667723596096039
2026-01-06 12:18:55,chair,0.26384973526000977
2026-01-06 12:18:56,person,0.4109359383583069
2026-01-06 12:18:56,person,0.423824280500412
2026-01-06 12:18:56,person,0.34667733311653137
2026-01-06 12:18:56,person,0.5982352495193481
2026-01-06 12:18:56,chair,0.39311644434928894
2026-01-06 12:18:56,person,0.5385249853134155
2026-01-06 12:18:56,chair,0.28170478343963623
2026-01-06 12:18:56,person,0.27165907621383667
2026-01-06 12:18:56,person,0.4789706766605377
2026-01-06 12:18:56,person,0.35055074095726013
2026-01-06 12:18:56,chair,0.2901017367839813
2026-01-06 12:18:56,person,0.2618314027786255
2026-01-06 12:18:56,person,0.5301408171653748
2026-01-06 12:18:56,person,0.25986820459365845
2026-01-06 12:18:57,person,0.6012634634971619
2026-01-06 12:18:57,person,0.38039425015449524
2026-01-06 12:18:57,bird,0.2698398232460022
2026-01-06 12:18:57,person,0.5962356925010681
2026-01-06 12:18:57,chair,0.2644476294517517
2026-01-06 12:18:57,person,0.5111809968948364
2026-01-06 12:18:57,chair,0.2889527380466461
2026-01-06 12:18:57,refrigerator,0.2503868043422699
2026-01-06 12:18:57,person,0.644889235496521
2026-01-06 12:18:57,chair,0.25228527188301086
2026-01-06 12:18:57,person,0.5986191630363464
2026-01-06 12:18:57,person,0.5449991226196289
2026-01-06 12:18:57,chair,0.262766033411026
2026-01-06 12:18:57,person,0.6880443692207336
2026-01-06 12:18:57,refrigerator,0.32007983326911926
2026-01-06 12:18:58,person,0.6443180441856384
2026-01-06 12:18:58,person,0.6824262142181396
2026-01-06 12:18:58,chair,0.2580524682998657
2026-01-06 12:18:58,person,0.7488619685173035
2026-01-06 12:18:58,cow,0.3601886034011841
2026-01-06 12:18:58,person,0.4767322838306427
2026-01-06 12:18:58,chair,0.42044180631637573
2026-01-06 12:18:58,person,0.5961359739303589
2026-01-06 12:18:58,person,0.33135509490966797
2026-01-06 12:18:58,person,0.4507284462451935
2026-01-06 12:18:58,person,0.6143833994865417
2026-01-06 12:18:59,person,0.3752495050430298
2026-01-06 12:18:59,person,0.5185036063194275
2026-01-06 12:18:59,cell phone,0.3885449171066284
2026-01-06 12:18:59,person,0.25685006380081177
2026-01-06 12:18:59,person,0.8645894527435303
2026-01-06 12:18:59,person,0.3705437481403351
2026-01-06 12:18:59,person,0.6825346350669861
2026-01-06 12:18:59,person,0.3486770689487457
2026-01-06 12:18:59,oven,0.28218498826026917
2026-01-06 12:18:59,person,0.8905574679374695
2026-01-06 12:19:00,person,0.6878619194030762
2026-01-06 12:19:00,person,0.4073718786239624
2026-01-06 12:19:00,person,0.738766074180603
2026-01-06 12:19:00,person,0.4708233177661896
2026-01-06 12:19:00,person,0.6533657312393188
2026-01-06 12:19:00,person,0.4710209369659424
2026-01-06 12:19:00,person,0.35136550664901733
2026-01-06 12:19:00,person,0.643103837966919
2026-01-06 12:19:00,person,0.6073733568191528
2026-01-06 12:19:00,cup,0.3274874985218048
2026-01-06 12:19:00,person,0.680290937423706
2026-01-06 12:19:00,person,0.35195133090019226
2026-01-06 12:19:00,refrigerator,0.30348119139671326
2026-01-06 12:19:00,person,0.6737231612205505
2026-01-06 12:19:00,person,0.6373922824859619
2026-01-06 12:19:00,person,0.40985924005508423
2026-01-06 12:19:01,person,0.6881689429283142
2026-01-06 12:19:01,person,0.7400038838386536
2026-01-06 12:19:01,person,0.3515576422214508
2026-01-06 12:19:01,person,0.691668689250946
2026-01-06 12:19:01,person,0.5031166672706604
2026-01-06 12:19:01,person,0.3271365463733673
2026-01-06 12:19:01,person,0.5395314693450928
2026-01-06 12:19:01,person,0.6017559766769409
2026-01-06 12:19:01,person,0.3877820074558258
2026-01-06 12:19:01,person,0.6914268136024475
2026-01-06 12:19:01,cup,0.25611597299575806
2026-01-06 12:19:01,person,0.7018201947212219
2026-01-06 12:19:01,cup,0.2866132855415344
2026-01-06 12:19:02,person,0.7208366990089417
2026-01-06 12:19:02,person,0.5009999871253967
2026-01-06 12:19:02,person,0.6162139177322388
2026-01-06 12:19:02,cup,0.3918575048446655
2026-01-06 12:19:02,person,0.6338275074958801
2026-01-06 12:19:02,person,0.7847182750701904
2026-01-06 12:19:02,person,0.5823935270309448
2026-01-06 12:19:02,person,0.6462812423706055
2026-01-06 12:19:02,person,0.2626820504665375
2026-01-06 12:19:03,person,0.6193786263465881
2026-01-06 12:19:03,person,0.6145583391189575
2026-01-06 12:19:03,tv,0.32891765236854553
2026-01-06 12:19:03,person,0.25761038064956665
2026-01-06 12:19:03,person,0.5645554661750793
2026-01-06 12:19:03,person,0.2680656313896179
2026-01-06 12:19:03,person,0.7668792009353638
2026-01-06 12:19:03,person,0.3542138338088989
2026-01-06 12:19:03,person,0.5545548796653748
2026-01-06 12:19:03,person,0.5444058179855347
2026-01-06 12:19:03,person,0.7262999415397644
2026-01-06 12:19:03,person,0.3076784312725067
2026-01-06 12:19:03,tv,0.2503960132598877
2026-01-06 12:19:04,person,0.676364004611969
2026-01-06 12:19:04,person,0.2577416002750397
2026-01-06 12:19:04,person,0.7288298010826111
2026-01-06 12:19:04,cup,0.25529199838638306
2026-01-06 12:19:04,person,0.7481498122215271
2026-01-06 12:19:04,tv,0.3899141252040863
2026-01-06 12:19:04,person,0.6045673489570618
2026-01-06 12:19:04,person,0.4245705008506775
2026-01-06 12:19:04,person,0.7480849623680115
2026-01-06 12:19:04,tv,0.4212211072444916
2026-01-06 12:19:04,person,0.7371242642402649
2026-01-06 12:19:04,person,0.29306453466415405
2026-01-06 12:19:04,person,0.6683571934700012
2026-01-06 12:19:04,person,0.44061824679374695
2026-01-06 12:19:05,person,0.3728940784931183
2026-01-06 12:19:05,person,0.30113685131073
2026-01-06 12:19:05,person,0.695096492767334
2026-01-06 12:19:05,person,0.6791900992393494
2026-01-06 12:19:05,person,0.4376714527606964
2026-01-06 12:19:05,tv,0.3002522587776184
2026-01-06 12:19:05,person,0.4573010504245758
2026-01-06 12:19:05,person,0.5720637440681458
2026-01-06 12:19:05,person,0.3882220387458801
2026-01-06 12:19:06,person,0.46161356568336487
2026-01-06 12:19:06,person,0.3314257860183716
2026-01-06 12:19:06,person,0.6071659922599792
2026-01-06 12:19:06,person,0.5955702662467957
2026-01-06 12:19:06,person,0.6960148215293884
2026-01-06 12:19:06,person,0.630712628364563
2026-01-06 12:19:06,person,0.7100784182548523
2026-01-06 12:19:06,person,0.8404134511947632
2026-01-06 12:19:07,person,0.6303525567054749
2026-01-06 12:19:07,person,0.7610527276992798
2026-01-06 12:19:07,chair,0.29587677121162415
2026-01-06 12:19:07,person,0.5908524990081787
2026-01-06 12:19:07,person,0.8090476989746094
2026-01-06 12:19:07,cup,0.28196486830711365
2026-01-06 12:19:07,person,0.636091411113739
2026-01-06 12:19:07,person,0.5206564664840698
2026-01-06 12:19:07,person,0.6196792721748352
2026-01-06 12:19:07,person,0.45247745513916016
2026-01-06 12:19:07,person,0.6786164045333862
2026-01-06 12:19:07,person,0.6367538571357727
2026-01-06 12:19:07,chair,0.35064661502838135
2026-01-06 12:19:08,person,0.5921790599822998
2026-01-06 12:19:08,person,0.41807329654693604
2026-01-06 12:19:08,person,0.2624225914478302
2026-01-06 12:19:08,person,0.37713271379470825
2026-01-06 12:19:08,cat,0.35324475169181824
2026-01-06 12:19:08,refrigerator,0.34182485938072205
2026-01-06 12:19:08,person,0.27480679750442505
2026-01-06 12:19:08,dog,0.27261579036712646
2026-01-06 12:19:08,person,0.5695064067840576
2026-01-06 12:19:08,cat,0.2709476351737976
2026-01-06 12:19:08,cat,0.5404989123344421
2026-01-06 12:19:09,cat,0.44885048270225525
2026-01-06 12:19:09,refrigerator,0.35592901706695557
2026-01-06 12:19:09,cat,0.5806214213371277
2026-01-06 12:19:09,person,0.5519064664840698
2026-01-06 12:19:09,cat,0.6253550052642822
2026-01-06 12:19:09,refrigerator,0.4054841101169586
2026-01-06 12:19:09,cat,0.3287044167518616
2026-01-06 12:19:09,refrigerator,0.48099806904792786
2026-01-06 12:19:09,refrigerator,0.2928268611431122
2026-01-06 12:19:10,traffic light,0.4735168218612671
2026-01-06 12:19:10,refrigerator,0.4103611707687378
2026-01-06 12:19:10,person,0.32631915807724
2026-01-06 12:19:10,person,0.4995284974575043
2026-01-06 12:19:10,person,0.6604958772659302
2026-01-06 12:19:10,person,0.6910414099693298
2026-01-06 12:19:10,tv,0.2863856554031372
2026-01-06 12:19:10,person,0.814629077911377
2026-01-06 12:19:10,person,0.7398136854171753
2026-01-06 12:19:10,person,0.4914394021034241
2026-01-06 12:19:11,person,0.4935058355331421
2026-01-06 12:19:11,person,0.3978824317455292
2026-01-06 12:19:11,person,0.34564879536628723
2026-01-06 12:19:11,stop sign,0.2851974368095398
2026-01-06 12:19:11,person,0.6980732679367065
2026-01-06 12:19:11,person,0.42788514494895935
2026-01-06 12:19:11,person,0.7986965775489807
2026-01-06 12:19:11,person,0.6533930897712708
2026-01-06 12:19:11,person,0.8492502570152283
2026-01-06 12:19:11,kite,0.26802337169647217
2026-01-06 12:19:12,person,0.8135260343551636
2026-01-06 12:19:12,kite,0.32180318236351013
2026-01-06 12:19:12,person,0.8157634139060974
2026-01-06 12:19:12,person,0.8641191720962524
2026-01-06 12:19:12,person,0.8675718903541565
2026-01-06 12:19:12,person,0.6226692199707031
2026-01-06 12:19:13,person,0.8341075778007507
2026-01-06 12:19:13,person,0.8605169057846069
2026-01-06 12:19:13,person,0.8071285486221313
2026-01-06 12:19:13,person,0.8456636667251587
2026-01-06 12:19:13,person,0.8234299421310425
2026-01-06 12:19:13,clock,0.5440620183944702
2026-01-06 12:19:14,person,0.8453434705734253
2026-01-06 12:19:14,person,0.7985290884971619
2026-01-06 12:19:14,person,0.8424221277236938
2026-01-06 12:19:14,person,0.8244156241416931
2026-01-06 12:19:14,person,0.5579096078872681
2026-01-06 12:19:14,person,0.44744250178337097
2026-01-06 12:19:14,clock,0.2659529745578766
2026-01-06 12:19:15,refrigerator,0.7431653141975403
2026-01-06 12:19:15,person,0.6388078331947327
2026-01-06 12:19:15,refrigerator,0.698501706123352
2026-01-06 12:19:15,person,0.3349419832229614
2026-01-06 12:19:15,person,0.28492701053619385
2026-01-06 12:19:15,person,0.3700992166996002
2026-01-06 12:19:16,tv,0.2767539918422699
2026-01-06 12:19:16,cat,0.25190281867980957
2026-01-06 12:19:16,cat,0.40102821588516235
2026-01-06 12:19:16,cat,0.6096951365470886
2026-01-06 12:19:16,cat,0.44312041997909546
2026-01-06 12:19:16,person,0.40860649943351746
2026-01-06 12:19:16,cat,0.7068814635276794
2026-01-06 12:19:16,person,0.6248909831047058
2026-01-06 12:19:16,cat,0.41843536496162415
2026-01-06 12:19:16,cat,0.34665530920028687
2026-01-06 12:19:16,person,0.29756075143814087
2026-01-06 12:19:17,cat,0.5714871883392334
2026-01-06 12:19:17,cat,0.39245519042015076
2026-01-06 12:19:17,person,0.28377780318260193
2026-01-06 12:19:17,cat,0.2704431712627411
2026-01-06 12:19:17,person,0.6977511644363403
2026-01-06 12:19:17,person,0.7705631256103516
2026-01-06 12:19:17,horse,0.2959347069263458
2026-01-06 12:19:18,horse,0.5611670613288879
2026-01-06 12:19:18,person,0.2800966501235962
2026-01-06 12:19:18,vase,0.3545292317867279
2026-01-06 12:19:18,vase,0.4810958206653595
2026-01-06 12:19:18,person,0.4274348020553589
2026-01-06 12:19:18,horse,0.5299578905105591
2026-01-06 12:19:19,vase,0.5990495085716248
2026-01-06 12:19:19,horse,0.3636484742164612
2026-01-06 12:19:19,person,0.30653706192970276
2026-01-06 12:19:19,person,0.2986278533935547
2026-01-06 12:19:19,tv,0.26508405804634094
2026-01-06 12:19:19,person,0.4698355793952942
2026-01-06 12:19:20,person,0.5347135066986084
2026-01-06 12:19:20,person,0.42967790365219116
2026-01-06 12:19:20,person,0.35987356305122375
2026-01-06 12:19:20,person,0.3116970658302307
2026-01-06 12:19:20,person,0.5974899530410767
2026-01-06 12:19:20,person,0.5490962862968445
2026-01-06 12:19:20,person,0.5620827078819275
2026-01-06 12:19:20,bowl,0.38145825266838074
2026-01-06 12:19:20,potted plant,0.2984783351421356
2026-01-06 12:19:20,person,0.2719678282737732
2026-01-06 12:19:20,person,0.7439782619476318
2026-01-06 12:19:20,bowl,0.3685958683490753
2026-01-06 12:19:20,person,0.36691972613334656
2026-01-06 12:19:20,vase,0.31981050968170166
2026-01-06 12:19:21,person,0.7393929958343506
2026-01-06 12:19:21,person,0.3796537220478058
2026-01-06 12:19:21,person,0.7609173059463501
2026-01-06 12:19:21,cup,0.31985265016555786
2026-01-06 12:19:21,bowl,0.3092055916786194
2026-01-06 12:19:21,potted plant,0.2760741710662842
2026-01-06 12:19:21,person,0.2717575132846832
2026-01-06 12:19:21,person,0.6400650143623352
2026-01-06 12:19:21,donut,0.2660120725631714
2026-01-06 12:19:21,person,0.765231728553772
2026-01-06 12:19:21,person,0.480287104845047
2026-01-06 12:19:21,person,0.38517236709594727
2026-01-06 12:19:21,cat,0.358389675617218
2026-01-06 12:19:21,bowl,0.3471217155456543
2026-01-06 12:19:21,person,0.7687277793884277
2026-01-06 12:19:21,chair,0.6823168396949768
2026-01-06 12:19:21,person,0.32176506519317627
2026-01-06 12:19:21,person,0.2958756685256958
2026-01-06 12:19:21,bowl,0.2690665125846863
2026-01-06 12:19:22,person,0.8391759991645813
2026-01-06 12:19:22,chair,0.6783255338668823
2026-01-06 12:19:22,chair,0.2861892580986023
2026-01-06 12:19:22,refrigerator,0.27923110127449036
2026-01-06 12:19:22,bowl,0.2719653248786926
2026-01-06 12:19:22,person,0.8274474143981934
2026-01-06 12:19:22,chair,0.3548279106616974
2026-01-06 12:19:22,chair,0.35025864839553833
2026-01-06 12:19:22,vase,0.3413183391094208
2026-01-06 12:19:22,potted plant,0.30196598172187805
2026-01-06 12:19:22,bowl,0.3003825843334198
2026-01-06 12:19:22,vase,0.28600016236305237
2026-01-06 12:19:22,person,0.7952253818511963
2026-01-06 12:19:22,chair,0.46031856536865234
2026-01-06 12:19:22,potted plant,0.2775800824165344
2026-01-06 12:19:22,bowl,0.26011717319488525
2026-01-06 12:19:22,person,0.794477105140686
2026-01-06 12:19:22,chair,0.47152960300445557
2026-01-06 12:19:22,potted plant,0.38094186782836914
2026-01-06 12:19:22,chair,0.37616029381752014
2026-01-06 12:19:22,vase,0.33816424012184143
2026-01-06 12:19:22,bowl,0.2581331133842468
2026-01-06 12:19:22,person,0.8072361946105957
2026-01-06 12:19:22,chair,0.5641228556632996
2026-01-06 12:19:22,person,0.3698120415210724
2026-01-06 12:19:22,potted plant,0.2862193286418915
2026-01-06 12:19:22,chair,0.27195027470588684
2026-01-06 12:19:23,person,0.8334566950798035
2026-01-06 12:19:23,chair,0.4971056282520294
2026-01-06 12:19:23,bowl,0.29180681705474854
2026-01-06 12:19:23,person,0.8274693489074707
2026-01-06 12:19:23,chair,0.4128913879394531
2026-01-06 12:19:23,tv,0.30504533648490906
2026-01-06 12:19:23,person,0.8669093251228333
2026-01-06 12:19:23,chair,0.3960098624229431
2026-01-06 12:19:23,person,0.8642962574958801
2026-01-06 12:19:23,person,0.8724297881126404
2026-01-06 12:19:24,person,0.8639891743659973
2026-01-06 12:19:24,person,0.8899430632591248
2026-01-06 12:19:24,person,0.8616907596588135
2026-01-06 12:19:24,person,0.8838991522789001
2026-01-06 12:19:24,person,0.8549699783325195
2026-01-06 12:19:24,person,0.8679042458534241
2026-01-06 12:19:25,person,0.8766745924949646
2026-01-06 12:19:25,person,0.8677716255187988
2026-01-06 12:19:25,person,0.8485711812973022
2026-01-06 12:19:25,person,0.3138355314731598
2026-01-06 12:19:25,person,0.8725485801696777
2026-01-06 12:19:26,person,0.8845571279525757
2026-01-06 12:19:26,person,0.8354170322418213
2026-01-06 12:19:26,person,0.8276594281196594
2026-01-06 12:19:26,refrigerator,0.2507583796977997
2026-01-06 12:19:26,person,0.8050019145011902
2026-01-06 12:19:26,book,0.2532607913017273
2026-01-06 12:19:26,person,0.7712398171424866
2026-01-06 12:19:27,person,0.7453981637954712
2026-01-06 12:19:27,person,0.7856561541557312
2026-01-06 12:19:27,person,0.8525099754333496
2026-01-06 12:19:27,person,0.7998708486557007
2026-01-06 12:19:27,chair,0.3391571342945099
2026-01-06 12:19:27,chair,0.27703699469566345
2026-01-06 12:19:27,person,0.8040155172348022
2026-01-06 12:19:27,bowl,0.2588237524032593
2026-01-06 12:19:27,person,0.8253493309020996
2026-01-06 12:19:27,chair,0.44984346628189087
2026-01-06 12:19:27,refrigerator,0.42889612913131714
2026-01-06 12:19:27,chair,0.28185349702835083
2026-01-06 12:19:27,refrigerator,0.26217514276504517
2026-01-06 12:19:28,person,0.8325087428092957
2026-01-06 12:19:28,refrigerator,0.6203339695930481
2026-01-06 12:19:28,refrigerator,0.47305336594581604
2026-01-06 12:19:28,chair,0.366168349981308
2026-01-06 12:19:28,chair,0.27147403359413147
2026-01-06 12:19:28,person,0.8142150640487671
2026-01-06 12:19:28,chair,0.2979337275028229
2026-01-06 12:19:28,person,0.8396817445755005
2026-01-06 12:19:28,chair,0.3929690420627594
2026-01-06 12:19:28,chair,0.3571905493736267
2026-01-06 12:19:28,person,0.7756240367889404
2026-01-06 12:19:28,chair,0.44220036268234253
2026-01-06 12:19:28,chair,0.3783860206604004
2026-01-06 12:19:28,refrigerator,0.3250797390937805
2026-01-06 12:19:28,person,0.8508249521255493
2026-01-06 12:19:28,refrigerator,0.7756353616714478
2026-01-06 12:19:28,refrigerator,0.45394963026046753
2026-01-06 12:19:28,chair,0.35540443658828735
2026-01-06 12:19:28,chair,0.31435301899909973
2026-01-06 12:19:28,refrigerator,0.27721136808395386
2026-01-06 12:19:28,person,0.7867189645767212
2026-01-06 12:19:28,refrigerator,0.49256837368011475
2026-01-06 12:19:28,chair,0.3542301058769226
2026-01-06 12:19:28,refrigerator,0.28356096148490906
2026-01-06 12:19:29,person,0.8149998784065247
2026-01-06 12:19:29,chair,0.28871509432792664
2026-01-06 12:19:29,refrigerator,0.26586973667144775
2026-01-06 12:19:29,cat,0.35873597860336304
2026-01-06 12:19:29,cat,0.3546118140220642
2026-01-06 12:19:29,cat,0.33338311314582825
2026-01-06 12:19:29,person,0.35801592469215393
2026-01-06 12:19:29,person,0.30425336956977844
2026-01-06 12:19:29,book,0.6207011342048645
2026-01-06 12:19:30,clock,0.3428887724876404
2026-01-06 12:19:30,refrigerator,0.3005940020084381
2026-01-06 12:19:30,refrigerator,0.29781776666641235
2026-01-06 12:19:31,refrigerator,0.38213416934013367
2026-01-06 12:19:31,refrigerator,0.25938618183135986
2026-01-06 12:19:31,refrigerator,0.367097944021225
2026-01-06 12:19:31,refrigerator,0.3711860775947571
2026-01-06 12:19:32,refrigerator,0.5696128606796265
2026-01-06 12:19:32,refrigerator,0.45676857233047485
2026-01-06 12:19:32,refrigerator,0.3848983943462372
2026-01-06 12:19:32,refrigerator,0.49704208970069885
2026-01-06 12:19:32,refrigerator,0.2988367974758148
2026-01-06 12:19:32,clock,0.32028666138648987
2026-01-06 12:19:32,refrigerator,0.2560364007949829
2026-01-06 12:19:33,refrigerator,0.392145574092865
2026-01-06 12:19:33,clock,0.2523026168346405
2026-01-06 12:19:33,refrigerator,0.29770413041114807
2026-01-06 12:19:33,refrigerator,0.4673246741294861
2026-01-06 12:19:33,refrigerator,0.3798821270465851
2026-01-06 12:19:33,refrigerator,0.3407306969165802
2026-01-06 12:19:33,refrigerator,0.7078683972358704
2026-01-06 12:19:33,refrigerator,0.29727721214294434
2026-01-06 12:19:33,refrigerator,0.2822597324848175
2026-01-06 12:19:33,refrigerator,0.5422337651252747
2026-01-06 12:19:33,refrigerator,0.3188193738460541
2026-01-06 12:19:33,refrigerator,0.27007603645324707
2026-01-06 12:19:34,refrigerator,0.36114534735679626
2026-01-06 12:19:34,clock,0.3583647608757019
2026-01-06 12:19:34,refrigerator,0.30475789308547974
2026-01-06 12:19:34,refrigerator,0.438673734664917
2026-01-06 12:19:34,clock,0.2810274362564087
2026-01-06 12:19:34,refrigerator,0.3883648216724396
2026-01-06 12:19:34,refrigerator,0.35240691900253296
2026-01-06 12:19:34,refrigerator,0.2757647931575775
2026-01-06 12:19:35,clock,0.5295357704162598
2026-01-06 12:19:35,refrigerator,0.47178182005882263
2026-01-06 12:19:35,refrigerator,0.7528716325759888
2026-01-06 12:19:35,refrigerator,0.48824819922447205
2026-01-06 12:19:35,refrigerator,0.4380780756473541
2026-01-06 12:19:35,refrigerator,0.6390594840049744
2026-01-06 12:19:36,refrigerator,0.5613592863082886
2026-01-06 12:19:36,refrigerator,0.4682312309741974
2026-01-06 12:19:36,stop sign,0.49546799063682556
2026-01-06 12:19:36,stop sign,0.3984314799308777
2026-01-06 12:19:37,stop sign,0.36101052165031433
2026-01-06 12:19:37,person,0.30686211585998535
2026-01-06 12:19:37,refrigerator,0.35656657814979553
2026-01-06 12:19:37,refrigerator,0.6336708068847656
2026-01-06 12:19:37,refrigerator,0.3440551459789276
2026-01-06 12:19:37,stop sign,0.3036792278289795
2026-01-06 12:19:37,refrigerator,0.35470184683799744
2026-01-06 12:19:38,refrigerator,0.552699089050293
2026-01-06 12:19:38,refrigerator,0.3742459714412689
2026-01-06 12:19:38,stop sign,0.40519970655441284
2026-01-06 12:19:38,refrigerator,0.32904136180877686
2026-01-06 12:19:38,stop sign,0.29309049248695374
2026-01-06 12:19:39,refrigerator,0.44289931654930115
2026-01-06 12:19:39,refrigerator,0.4447958767414093
2026-01-06 12:19:39,refrigerator,0.2507324516773224
2026-01-06 12:19:39,refrigerator,0.30335336923599243
2026-01-06 12:19:39,refrigerator,0.2936263382434845
2026-01-06 12:19:39,refrigerator,0.6372955441474915
2026-01-06 12:19:40,refrigerator,0.6112696528434753
2026-01-06 12:19:40,refrigerator,0.7789765000343323
2026-01-06 12:19:40,refrigerator,0.807774543762207
2026-01-06 12:19:40,refrigerator,0.7071918845176697
2026-01-06 12:19:40,refrigerator,0.5019965767860413
2026-01-06 12:19:40,refrigerator,0.4334707260131836
2026-01-06 12:19:41,clock,0.5760076642036438
2026-01-06 12:19:41,refrigerator,0.5040735602378845
2026-01-06 12:19:41,refrigerator,0.6171907782554626
2026-01-06 12:19:41,clock,0.25632771849632263
2026-01-06 12:19:41,clock,0.7266035676002502
2026-01-06 12:19:41,refrigerator,0.5027925968170166
2026-01-06 12:19:41,refrigerator,0.4486331045627594
2026-01-06 12:19:41,refrigerator,0.43231895565986633
2026-01-06 12:19:41,refrigerator,0.6232804656028748
2026-01-06 12:19:41,refrigerator,0.32091909646987915
2026-01-06 12:19:42,refrigerator,0.516457736492157
2026-01-06 12:19:42,bus,0.4637344181537628
2026-01-06 12:19:42,refrigerator,0.5643664002418518
2026-01-06 12:19:42,book,0.29408973455429077
2026-01-06 12:19:42,refrigerator,0.47125184535980225
2026-01-06 12:19:42,refrigerator,0.6269022226333618
2026-01-06 12:19:42,refrigerator,0.4702688753604889
2026-01-06 12:19:43,refrigerator,0.6360278129577637
2026-01-06 12:19:43,refrigerator,0.2939418852329254
2026-01-06 12:19:43,refrigerator,0.49903684854507446
2026-01-06 12:19:43,horse,0.3157995343208313
2026-01-06 12:19:44,refrigerator,0.30028092861175537
2026-01-06 12:19:44,refrigerator,0.6412567496299744
2026-01-06 12:19:44,person,0.3184901177883148
2026-01-06 12:19:45,couch,0.2820878326892853
2026-01-06 12:19:45,refrigerator,0.4028978943824768
2026-01-06 12:19:45,refrigerator,0.293708860874176
2026-01-06 12:19:45,refrigerator,0.33463752269744873
2026-01-06 12:19:46,refrigerator,0.34191688895225525
2026-01-06 12:19:46,chair,0.5578168630599976
2026-01-06 12:19:47,bird,0.2747441530227661
2026-01-06 12:19:47,bird,0.27226996421813965
2026-01-06 12:19:48,refrigerator,0.3416706919670105
2026-01-06 12:19:48,refrigerator,0.3830358684062958
2026-01-06 12:19:49,refrigerator,0.3498692214488983
2026-01-06 12:19:50,refrigerator,0.27586936950683594
2026-01-06 12:19:50,cell phone,0.28355497121810913
2026-01-06 12:19:51,cell phone,0.29548460245132446
2026-01-06 12:19:51,refrigerator,0.271970272064209
2026-01-06 12:19:51,tv,0.279304563999176
2026-01-06 12:19:53,refrigerator,0.32166606187820435
2026-01-06 12:19:54,refrigerator,0.3403136134147644
2026-01-06 12:19:55,refrigerator,0.3794330656528473
2026-01-06 12:19:56,refrigerator,0.3038698136806488
2026-01-06 12:19:56,refrigerator,0.40211084485054016
2026-01-06 12:19:56,refrigerator,0.3177150785923004
2026-01-06 12:19:57,refrigerator,0.6220607161521912
2026-01-06 12:19:58,stop sign,0.3382106423377991
2026-01-06 12:19:58,cell phone,0.4172884523868561
2026-01-06 12:19:59,chair,0.3150118589401245
2026-01-06 12:20:00,chair,0.4042948782444
2026-01-06 12:20:00,chair,0.31346210837364197
2026-01-06 12:20:00,chair,0.34935614466667175
2026-01-06 12:20:01,chair,0.2631405293941498
2026-01-06 12:20:01,traffic light,0.4222436547279358
2026-01-06 12:20:02,traffic light,0.28986048698425293
2026-01-06 12:20:02,stop sign,0.2577422261238098
2026-01-06 12:20:02,traffic light,0.316496342420578
2026-01-06 12:20:02,traffic light,0.7847716212272644
2026-01-06 12:20:02,traffic light,0.5366378426551819
2026-01-06 12:20:03,traffic light,0.7740763425827026
2026-01-06 12:20:03,traffic light,0.43198904395103455
2026-01-06 12:20:03,traffic light,0.5031893849372864
2026-01-06 12:20:03,traffic light,0.31804585456848145
2026-01-06 12:20:03,traffic light,0.4672825038433075
2026-01-06 12:20:03,traffic light,0.26274922490119934
2026-01-06 12:20:04,traffic light,0.5186294317245483
2026-01-06 12:20:04,traffic light,0.3712610602378845
2026-01-06 12:20:04,stop sign,0.26010993123054504
2026-01-06 12:20:04,stop sign,0.6369650363922119
2026-01-06 12:20:05,stop sign,0.2564687728881836
2026-01-06 12:20:08,cat,0.6028621792793274
2026-01-06 12:20:08,cat,0.49308526515960693
2026-01-06 12:20:08,cat,0.4751405417919159
2026-01-06 12:20:09,traffic light,0.3049502372741699
2026-01-06 12:20:09,vase,0.25931110978126526
2026-01-06 12:20:12,clock,0.329115629196167
2026-01-06 12:20:12,clock,0.2532113790512085
2026-01-06 12:20:13,cat,0.26699697971343994
2026-01-06 12:20:13,cat,0.3998629152774811
2026-01-06 12:20:13,cat,0.2669241726398468
2026-01-06 12:20:13,cell phone,0.26380038261413574
2026-01-06 12:20:13,clock,0.2547641694545746
2026-01-06 12:20:14,cell phone,0.45801955461502075
2026-01-06 12:20:15,clock,0.3528349995613098
2026-01-06 12:20:15,cell phone,0.30109235644340515
2026-01-06 12:20:16,clock,0.2599083185195923
2026-01-06 12:20:16,clock,0.33942562341690063
2026-01-06 12:20:16,clock,0.301570862531662
2026-01-06 12:20:16,cell phone,0.2740139663219452
2026-01-06 12:20:16,cell phone,0.2709892988204956
2026-01-06 12:20:16,cell phone,0.45487868785858154
2026-01-06 12:20:16,clock,0.2880287766456604
2026-01-06 12:20:16,clock,0.2913404107093811
2026-01-06 12:20:17,clock,0.4511806070804596
2026-01-06 12:20:17,cell phone,0.29401543736457825
2026-01-06 12:20:17,cell phone,0.29394441843032837
2026-01-06 12:20:17,clock,0.4017904996871948
2026-01-06 12:20:17,cell phone,0.3108198344707489
2026-01-06 12:20:17,cell phone,0.4482521116733551
2026-01-06 12:20:17,cell phone,0.4694927930831909
2026-01-06 12:20:18,cell phone,0.4148167371749878
2026-01-06 12:20:18,cell phone,0.7022371888160706
2026-01-06 12:20:19,cell phone,0.27053889632225037
2026-01-06 12:20:19,bottle,0.4283018112182617
2026-01-06 12:20:19,clock,0.44568052887916565
2026-01-06 12:20:20,bottle,0.4767189025878906
2026-01-06 12:20:20,clock,0.3866111636161804
2026-01-06 12:20:20,clock,0.3860749304294586
2026-01-06 12:20:20,bottle,0.3306170403957367
2026-01-06 12:20:20,bottle,0.39099544286727905
2026-01-06 12:20:20,bottle,0.39583346247673035
2026-01-06 12:20:20,clock,0.5087443590164185
2026-01-06 12:20:20,bottle,0.4192069172859192
2026-01-06 12:20:20,clock,0.6836763620376587
2026-01-06 12:20:20,bottle,0.5245078802108765
2026-01-06 12:20:20,clock,0.5452481508255005
2026-01-06 12:20:20,bottle,0.35008344054222107
2026-01-06 12:20:21,clock,0.6299469470977783
2026-01-06 12:20:21,bottle,0.3068926930427551
2026-01-06 12:20:21,bottle,0.4670489728450775
2026-01-06 12:20:21,clock,0.3296521306037903
2026-01-06 12:20:21,book,0.2524644136428833
2026-01-06 12:20:21,cell phone,0.5870999693870544
2026-01-06 12:20:21,cell phone,0.37541463971138
2026-01-06 12:20:21,clock,0.3130151331424713
2026-01-06 12:20:21,cell phone,0.3041283190250397
2026-01-06 12:20:22,cat,0.35724979639053345
2026-01-06 12:20:22,cell phone,0.29708388447761536
2026-01-06 12:20:22,cell phone,0.42313963174819946
2026-01-06 12:20:22,cell phone,0.45582810044288635
2026-01-06 12:20:22,bottle,0.37424972653388977
2026-01-06 12:20:22,clock,0.32233792543411255
2026-01-06 12:20:23,bottle,0.38304054737091064
2026-01-06 12:20:23,clock,0.38250693678855896
2026-01-06 12:20:23,bottle,0.5417305827140808
2026-01-06 12:20:23,clock,0.27896761894226074
2026-01-06 12:20:23,bottle,0.3653425872325897
2026-01-06 12:20:24,refrigerator,0.41285714507102966
2026-01-06 12:20:25,person,0.4463169276714325
2026-01-06 12:20:25,cat,0.2932547628879547
2026-01-06 12:20:26,bird,0.37908121943473816
2026-01-06 12:20:26,tv,0.4342854917049408
2026-01-06 12:20:26,bed,0.291700154542923
2026-01-06 12:20:26,cow,0.8142451643943787
2026-01-06 12:20:27,cow,0.6575912237167358
2026-01-06 12:20:27,cow,0.43861067295074463
2026-01-06 12:20:27,person,0.2521267235279083
2026-01-06 12:20:27,horse,0.4213307797908783
2026-01-06 12:20:27,cow,0.3160538673400879
2026-01-06 12:20:27,cow,0.33277082443237305
2026-01-06 12:20:27,horse,0.2541659474372864
2026-01-06 12:20:28,cow,0.33277082443237305
2026-01-06 12:20:28,horse,0.2541659474372864
2026-01-06 12:20:28,horse,0.3054015636444092
2026-01-06 12:20:28,cow,0.2926329970359802
2026-01-06 12:20:28,horse,0.44569674134254456
2026-01-06 12:20:28,bird,0.3704809248447418
2026-01-06 12:20:29,horse,0.39100533723831177
2026-01-06 12:20:29,horse,0.39100533723831177
2026-01-06 12:20:29,bird,0.28291046619415283
2026-01-06 12:20:29,horse,0.3405512869358063
2026-01-06 12:20:29,horse,0.5553473830223083
2026-01-06 12:20:29,horse,0.3827533721923828
2026-01-06 12:20:29,horse,0.37925010919570923
2026-01-06 12:20:29,airplane,0.25411197543144226
2026-01-06 12:20:30,horse,0.2990415692329407
2026-01-06 12:20:30,horse,0.2763069272041321
2026-01-06 12:20:30,horse,0.46883097290992737
2026-01-06 12:20:30,horse,0.5918119549751282
2026-01-06 12:20:30,horse,0.47787803411483765
2026-01-06 12:20:31,horse,0.3510453402996063
2026-01-06 12:20:31,cow,0.32676371932029724
2026-01-06 12:20:31,horse,0.37166646122932434
2026-01-06 12:20:31,cow,0.2908737063407898
2026-01-06 12:20:31,person,0.32968851923942566
2026-01-06 12:20:31,person,0.3126573860645294
2026-01-06 12:20:31,person,0.49128103256225586
2026-01-06 12:20:31,person,0.3981993794441223
2026-01-06 12:20:32,person,0.27156370878219604
2026-01-06 12:20:32,person,0.3250708281993866
2026-01-06 12:20:32,person,0.2510422170162201
2026-01-06 12:20:32,person,0.2626285254955292
2026-01-06 12:20:32,airplane,0.3247048556804657
2026-01-06 12:20:32,person,0.6527406573295593
2026-01-06 12:20:33,traffic light,0.328986257314682
2026-01-06 12:20:33,person,0.29861554503440857
2026-01-06 12:20:33,traffic light,0.4511321783065796
2026-01-06 12:20:33,person,0.311159610748291
2026-01-06 12:20:33,cell phone,0.28866341710090637
2026-01-06 12:20:33,suitcase,0.2521525025367737
2026-01-06 12:20:34,cell phone,0.49831271171569824
2026-01-06 12:20:34,person,0.32911133766174316
2026-01-06 12:20:34,cell phone,0.3037939667701721
2026-01-06 12:20:34,cell phone,0.6159530282020569
2026-01-06 12:20:34,cell phone,0.2525598406791687
2026-01-06 12:20:34,cell phone,0.715026319026947
2026-01-06 12:20:34,cell phone,0.5188199877738953
2026-01-06 12:20:34,cell phone,0.3774731755256653
2026-01-06 12:20:34,cell phone,0.6672663688659668
2026-01-06 12:20:34,cell phone,0.32230159640312195
2026-01-06 12:20:34,cell phone,0.3617803454399109
2026-01-06 12:20:35,cell phone,0.6274221539497375
2026-01-06 12:20:35,cell phone,0.5117408037185669
2026-01-06 12:20:35,person,0.30135467648506165
2026-01-06 12:20:35,cell phone,0.6756197810173035
2026-01-06 12:20:35,cell phone,0.37549224495887756
2026-01-06 12:20:35,cell phone,0.6726537942886353
2026-01-06 12:20:35,cell phone,0.3525370657444
2026-01-06 12:20:35,cell phone,0.6483620405197144
2026-01-06 12:20:35,cell phone,0.543624758720398
2026-01-06 12:20:35,cell phone,0.7930487394332886
2026-01-06 12:20:36,cell phone,0.42732253670692444
2026-01-06 12:20:36,cell phone,0.31216713786125183
2026-01-06 12:20:36,cell phone,0.5420206189155579
2026-01-06 12:20:36,cell phone,0.26618722081184387
2026-01-06 12:20:36,cell phone,0.5582718849182129
2026-01-06 12:20:36,cell phone,0.4336269497871399
2026-01-06 12:20:36,cell phone,0.3220141530036926
2026-01-06 12:20:36,suitcase,0.31503012776374817
2026-01-06 12:20:36,suitcase,0.4407162070274353
2026-01-06 12:20:37,cell phone,0.37001457810401917
2026-01-06 12:20:37,cell phone,0.2942708730697632
2026-01-06 12:20:37,suitcase,0.2962009310722351
2026-01-06 12:20:37,cell phone,0.26581794023513794
2026-01-06 12:20:38,cell phone,0.2707521617412567
2026-01-06 12:20:38,cell phone,0.2553512752056122
2026-01-06 12:20:38,cell phone,0.4935956597328186
2026-01-06 12:20:38,cell phone,0.41897138953208923
2026-01-06 12:20:38,cell phone,0.39225107431411743
2026-01-06 12:20:38,cell phone,0.4151555299758911
2026-01-06 12:20:38,cell phone,0.4232584238052368
2026-01-06 12:20:39,cell phone,0.3686654567718506
2026-01-06 12:20:39,cell phone,0.2725999355316162
2026-01-06 12:20:39,traffic light,0.26479876041412354
2026-01-06 12:20:39,cell phone,0.2955676317214966
2026-01-06 12:20:39,cell phone,0.4335518777370453
2026-01-06 12:20:39,laptop,0.35745328664779663
2026-01-06 12:20:39,tv,0.28005561232566833
2026-01-06 12:20:39,airplane,0.33167770504951477
2026-01-06 12:20:39,person,0.3088234066963196
2026-01-06 12:20:40,airplane,0.3938174247741699
2026-01-06 12:20:41,airplane,0.31018608808517456
2026-01-06 12:20:41,cat,0.43772777915000916
2026-01-06 12:20:41,cat,0.2879454791545868
2026-01-06 12:20:42,person,0.34919798374176025
2026-01-06 12:20:42,person,0.6904745101928711
2026-01-06 12:20:42,person,0.583382248878479
2026-01-06 12:20:42,person,0.6699091792106628
2026-01-06 12:20:42,person,0.6999053955078125
2026-01-06 12:20:42,person,0.6977187991142273
2026-01-06 12:20:42,person,0.5634941458702087
2026-01-06 12:20:42,horse,0.516017735004425
2026-01-06 12:20:43,horse,0.41916918754577637
2026-01-06 12:20:43,person,0.6532503366470337
2026-01-06 12:20:43,person,0.6055545210838318
2026-01-06 12:20:43,person,0.5680667161941528
2026-01-06 12:20:43,person,0.40021297335624695
2026-01-06 12:20:43,person,0.39677006006240845
2026-01-06 12:20:43,person,0.5841690301895142
2026-01-06 12:20:44,person,0.5794253349304199
2026-01-06 12:20:44,person,0.7448792457580566
2026-01-06 12:20:44,person,0.4813897907733917
2026-01-06 12:20:44,person,0.7761433124542236
2026-01-06 12:20:44,person,0.43357616662979126
2026-01-06 12:20:44,person,0.5867171287536621
2026-01-06 12:20:44,person,0.27040714025497437
2026-01-06 12:20:45,person,0.4287537932395935
2026-01-06 12:20:45,person,0.4981077015399933
2026-01-06 12:20:45,person,0.4813588559627533
2026-01-06 12:20:45,person,0.543134868144989
